{
	"info": {
		"_postman_id": "6603b62a-c537-4c6c-9d8e-44c6fef80e57",
		"name": "TodoServerless",
		"schema": "https://schema.getpostman.com/json/collection/v2.1.0/collection.json"
	},
	"item": [
		{
			"name": "POST /todos",
			"request": {
				"method": "POST",
				"header": [
					{
						"key": "Content-Type",
						"value": "application/json"
					}
				],
				"body": {
					"mode": "raw",
					"raw": "{\n\t\"text\": \"Walk a dog\"\n}"
				},
				"url": {
					"raw": "{{baseURL}}/todos",
					"host": [
						"{{baseURL}}"
					],
					"path": [
						"todos"
					]
				}
			},
			"response": []
		},
		{
			"name": "GET /todos",
			"request": {
				"method": "GET",
				"header": [],
				"body": {},
				"url": {
					"raw": "{{baseURL}}/todos",
					"host": [
						"{{baseURL}}"
					],
					"path": [
						"todos"
					]
				}
			},
			"response": []
		},
		{
			"name": "GET /todos/1",
			"request": {
				"method": "GET",
				"header": [],
				"body": {},
				"url": {
					"raw": "{{baseURL}}/todos/64551600-993e-11e8-8d0c-7f32752a81e6",
					"host": [
						"{{baseURL}}"
					],
					"path": [
						"todos",
						"64551600-993e-11e8-8d0c-7f32752a81e6"
					]
				}
			},
			"response": []
		}
	]
}